personId,type,title,date,pageUrl,directUrl,repository,rights,downloadable,downloaded,localPath,suggestedFile,people
H0012,record,"WWI draft card of Frederick Aloysius Meier, 1917",1917-06-05,https://familysearch.org/ark:/61903/1:1:WYRC-BST2,https://ancestors.familysearch.org/service/tree/tree-data/published/sources/L6H5-86K/images/i/2/image.jpg,NARA (Selective Service records) via FamilySearch,public_domain,true,true,media/H0012/wwi-draft-card-1917.jpg,media/H0012/wwi-draft-card-1917.jpg,H0012
H0012,record,"1940 census: Fred A. Meier, widowed lodger and Navy Yard molder, Washington DC",1940-04-13,https://familysearch.org/ark:/61903/1:1:K7SY-D6H,https://ancestors.familysearch.org/service/tree/tree-data/published/sources/L6H5-86K/images/i/0/image.jpg,NARA via FamilySearch,public_domain,true,true,media/H0012/census-1940-washington-dc.jpg,media/H0012/census-1940-washington-dc.jpg,H0012
H0013,record,"Luzerne County marriage docket No. 79542: Henry J. Meier Jr. and Mary M. Proudlove, 1917",1917-06-13,https://ancestors.familysearch.org/service/tree/tree-data/published/sources/LVCM-ZBQ/images/i/2/image.jpg,https://ancestors.familysearch.org/service/tree/tree-data/published/sources/LVCM-ZBQ/images/i/2/image.jpg,Luzerne County Orphans' Court (via FamilySearch),public_domain,true,true,media/H0013/marriage-docket-1917-meier-proudlove.jpg,media/H0013/marriage-docket-1917-meier-proudlove.jpg,H0013
H0014,record,"1950 census, 16 Barney St, Wilkes-Barre: Henry J., Anna and Mary C. Meier",1950-04-08,https://ancestors.familysearch.org/service/tree/tree-data/published/sources/LTHM-BQ6/images/i/0/image.jpg,https://ancestors.familysearch.org/service/tree/tree-data/published/sources/LTHM-BQ6/images/i/0/image.jpg,NARA (via FamilySearch),public_domain,true,false,,media/H0014/census-1950-wilkes-barre-16-barney.jpg,H0014;I282608064820
H0027,record,"Munzingen birth register 1864 No. 9: Christina Mayer, daughter of Paulina Mayer",1864-05-16,http://www.landesarchiv-bw.de/plink/?f=5-480947-471,,"Landesarchiv Baden-Württemberg, Staatsarchiv Freiburg, L 10 Nr. 1591",public_domain,true,true,media/H0027/birth-1864-munzingen-L10-1591-img471.jpg,media/H0027/birth-1864-munzingen-L10-1591-img471.jpg,H0027;I282608064885;H0019;NEW-104
H0032,record,Munzingen death register 1869 No. 5: Carolina Birkenmaier,1869-03-18,http://www.landesarchiv-bw.de/plink/?f=5-480947-618,,"Landesarchiv Baden-Württemberg, Staatsarchiv Freiburg, L 10 Nr. 1591",public_domain,true,true,media/H0032/death-1869-munzingen-L10-1591-img618.jpg,media/H0032/death-1869-munzingen-L10-1591-img618.jpg,H0032;I282608064919;I282608064942
H0034,record,Munzingen death register 1866 No. 1a: Friedrich Heitzler (d. 1865),1865-12-18,http://www.landesarchiv-bw.de/plink/?f=5-480947-541,,"Landesarchiv Baden-Württemberg, Staatsarchiv Freiburg, L 10 Nr. 1591",public_domain,true,true,media/H0034/death-1865-munzingen-L10-1591-img541.jpg,media/H0034/death-1865-munzingen-L10-1591-img541.jpg,H0034
H0072,record,Reichenbach Lutheran baptisms 1729 p.115: Maria Elisabetha Christmann,1729-08-14,https://www.familysearch.org/service/tree/tree-data/published/persons/99JD-KQH,https://ancestors.familysearch.org/service/tree/tree-data/published/sources/99JD-KQH/images/i/2/image.jpg,FamilySearch (German Lutheran church book),unknown,false,false,,,H0072;H0076
H0075,record,Reichenbach Lutheran baptisms 1702 p.42: Elisabetha Margretha Lampert,1702-12-17,https://www.familysearch.org/service/tree/tree-data/published/persons/L58R-7JQ,https://ancestors.familysearch.org/service/tree/tree-data/published/sources/L58R-7JQ/images/i/0/image.jpg,FamilySearch,unknown,false,false,,media/H0075/reichenbach-baptism-1702-lampert.jpg,H0075;H0079
H0077,record,Reichenbach Lutheran baptisms 1684 (Anna Catharina Grub),1684-08,https://www.familysearch.org/service/tree/tree-data/published/persons/PSFH-GPD,https://ancestors.familysearch.org/service/tree/tree-data/published/sources/PSFH-GPD/images/i/1/image.jpg,FamilySearch,unknown,false,false,,media/H0077/reichenbach-baptism-1684-grub.jpg,H0077;H0078
H0077,record,Reichenbach Lutheran baptisms 1686-87 (Margretha Catharina Grub),1687,https://www.familysearch.org/service/tree/tree-data/published/persons/PSFH-GPD,https://ancestors.familysearch.org/service/tree/tree-data/published/sources/PSFH-GPD/images/i/0/image.jpg,FamilySearch,unknown,false,false,,media/H0077/reichenbach-baptism-1687-grub.jpg,H0077;H0078
H0080,record,Ulmet Lutheran marriages 1704: Christoffel Doll and Sara Schuch,1704-03-02,https://www.familysearch.org/service/tree/tree-data/published/persons/KLVK-Z6R,https://ancestors.familysearch.org/service/tree/tree-data/published/sources/KLVK-Z6R/images/i/1/image.jpg,FamilySearch,unknown,false,false,,media/H0080/ulmet-marriage-1704-doll-schuch.jpg,H0080;H0081
H0083,record,Lauterecken burial register 1671: Caspar Grub,1671-05-01,https://www.familysearch.org/service/tree/tree-data/published/persons/K6CS-1ZL,https://ancestors.familysearch.org/service/tree/tree-data/published/sources/K6CS-1ZL/images/i/0/image.jpg,FamilySearch,unknown,false,false,,media/H0083/lauterecken-burial-1671-caspar-grub.jpg,H0083
H0102,record,Newtown church marriages 1759: James Prindle & Anar Turner,1759-01-22,https://www.familysearch.org/service/tree/tree-data/published/persons/L8MP-W4X,https://ancestors.familysearch.org/service/tree/tree-data/published/sources/L8MP-W4X/images/i/2/image.jpg,FamilySearch (Connecticut State Library church records),public_domain,true,true,research_output/media/H0102/newtown-church-marriages-1759-james-prindle-anar-turner.jpg,media/H0102/newtown-church-marriages-1759-james-prindle-anar-turner.jpg,H0102;H0103
H0102,record,"Barbour index slip: James Prindle d. 9 Dec 1800, Newtown",1800-12-09,https://www.familysearch.org/service/tree/tree-data/published/persons/L8MP-W4X,https://ancestors.familysearch.org/service/tree/tree-data/published/sources/L8MP-W4X/images/i/1/image.jpg,FamilySearch / Connecticut State Library (Barbour Collection),public_domain,true,true,research_output/media/H0102/barbour-card-james-prindle-d1800.jpg,media/H0102/barbour-card-james-prindle-d1800.jpg,H0102
H0111,portrait,"Thos. F. Heffernan, portrait no. 1114, Prominent Men of Wilkes-Barre (1906)",1906,https://archive.org/details/prominentmenscra00stod/page/n299/mode/1up,https://archive.org/download/prominentmenscra00stod/page/n299_w1600.jpg,Internet Archive (book scan),public_domain,true,true,media/H0111/prominent-men-1906-portrait-1114.jpg,media/H0111/prominent-men-1906-portrait-1114.jpg,H0111
H0119,photo,"Capt. L. G. Heffernan with Lt. Richards, Capt. Kirby and Lt. Schultz, Wilbur Wright Field, 1917",1917,https://www.loc.gov/pictures/item/2014705074/,https://tile.loc.gov/storage-services/service/pnp/ggbain/24800/24892v.jpg,"Library of Congress Prints & Photographs, Bain Collection",public_domain,true,true,media/H0119/lc-bain-1917-wilbur-wright-field-officers.jpg,media/H0119/lc-bain-1917-wilbur-wright-field-officers.jpg,H0119
H0119,newspaper,San Antonio Light front page: Heffernan's 250-mph flight,1923-03-24,https://www.loc.gov/resource/sn85060004/1923-03-24/ed-1/?sp=1,,Chronicling America,public_domain,true,false,,media/H0119/san-antonio-light-1923-03-24.jpg,H0119
H0144,newspaper,"Evening Star (Washington), 20 Mar 1886, p.5: George L. Pringle killed by lightning",1886-03-20,https://www.loc.gov/resource/sn83045462/1886-03-20/ed-1/?sp=5,"https://tile.loc.gov/image-services/iiif/service:ndnp:dlc:batch_dlc_mastiff_ver01:data:sn83045462:00280654450:1886032001:0276/3020,8320,1050,250/full/0/default.jpg","Library of Congress, Chronicling America",public_domain,true,true,media/H0144/evening-star-1886-03-20-lightning.jpg,media/H0144/evening-star-1886-03-20-lightning.jpg,H0144
H0147,record,"Iowa GAR membership card, Caleb A. Pringle (Co. G, 52nd PA Inf.)",,https://www.familysearch.org/service/tree/tree-data/published/persons/KZGR-Z9K,https://ancestors.familysearch.org/service/tree/tree-data/published/sources/KZGR-Z9K/images/i/1/image.jpg,FamilySearch (Iowa GAR Membership Records 1861-1949),public_domain,true,true,media/H0147/iowa-gar-card-caleb-a-pringle.jpg,media/H0147/iowa-gar-card-caleb-a-pringle.jpg,H0147
H0150,record,"1840 census, Plymouth Twp: Benjn, Saml and James Pringle, Joseph Ives",1840,https://www.familysearch.org/service/tree/tree-data/published/persons/KL4L-R8P,https://ancestors.familysearch.org/service/tree/tree-data/published/sources/KL4L-R8P/images/i/0/image.jpg,FamilySearch (NARA M704),public_domain,true,true,research_output/media/H0150/1840-census-plymouth-twp-saml-pringle.jpg,media/H0150/1840-census-plymouth-twp-saml-pringle.jpg,H0150;H0146;I282608053719;I282608053741
H0155,record,"1850 census, Plymouth Twp., John Pringle household",1850-09-18,https://www.familysearch.org/service/tree/tree-data/published/persons/LZVN-JBK,https://ancestors.familysearch.org/service/tree/tree-data/published/sources/LZVN-JBK/images/i/0/image.jpg,FamilySearch (NARA M432),public_domain,true,true,media/H0155/1850-census-plymouth-john-pringle.jpg,media/H0155/1850-census-plymouth-john-pringle.jpg,H0155;H0189
H0170,photo,"Colonel George P. Ransom, taken at 85 (portrait plate in Wright, 1873)",c.1846,https://archive.org/details/historicalsketch00wrig_2/page/n242,https://archive.org/download/historicalsketch00wrig_2/page/n242_w1000.jpg,Internet Archive (Allen County Public Library copy),public_domain,true,true,media/H0170/wright-1873-portrait-col-george-p-ransom.jpg,media/H0170/wright-1873-portrait-col-george-p-ransom.jpg,H0170
H0189,record,"1860 census, Plymouth, Phebe Pringle household",1860,https://www.familysearch.org/service/tree/tree-data/published/persons/KP7J-PJ2,https://ancestors.familysearch.org/service/tree/tree-data/published/sources/KP7J-PJ2/images/i/0/image.jpg,FamilySearch (NARA M653),public_domain,true,true,media/H0189/1860-census-plymouth-phebe-pringle.jpg,media/H0189/1860-census-plymouth-phebe-pringle.jpg,H0189
H0195,newspaper,"Obituary of Judge S. W. Lamoreux, Watertown Leader",1909-08-13,https://www.loc.gov/resource/sn85040722/1909-08-13/ed-1/?sp=7,,"Library of Congress, Chronicling America",public_domain,true,false,,media/H0195/watertown-leader-1909-08-13-obituary.jpg,H0195
H0281,photo,"Joshua Brewster Smith House, Hauppauge (HABS NY,52-HAUP,1-1)",1930s (HABS),"https://commons.wikimedia.org/wiki/File:Joshua_Brewster_Smith_House,_Hauppauge,_Suffolk_County,_NY_HABS_NY,52-HAUP,1-1.tif",https://upload.wikimedia.org/wikipedia/commons/7/7c/Joshua_Brewster_Smith_House%2C_Hauppauge%2C_Suffolk_County%2C_NY_HABS_NY%2C52-HAUP%2C1-1.tif,"Wikimedia Commons (Library of Congress HABS, https://www.loc.gov/pictures/item/ny0780.photos.123509p)",public_domain,true,true,media/H0281/joshua-b-smith-house-habs.jpg,media/H0281/joshua-b-smith-house-habs.jpg,H0281;H0274;H0279
H0286,portrait,"William Floyd, by Ralph Earl",1792,https://commons.wikimedia.org/wiki/File:William_floyd.jpg,https://upload.wikimedia.org/wikipedia/commons/f/ff/William_floyd.jpg,"Wikimedia Commons (source cited: Long Island History Journal, Stony Brook)",public_domain,true,true,media/H0286/william-floyd-earl-1792.jpg,media/H0286/william-floyd-earl-1792.jpg,H0286
H0287,map,"A view of the seat of the Hon. Selah Strong, St. George's Manor, Long Island (etching, Tiebout)",1792,"https://commons.wikimedia.org/wiki/File:A_view_of_the_seat_of_the_Hon._Selah_Strong,_Esqr.,_St._George%27s_Manor,_Sussex_County,_Long_Island_-_(%3F)_del._;_Tiebout_sculp._LCCN2004671562.jpg",https://upload.wikimedia.org/wikipedia/commons/9/91/A_view_of_the_seat_of_the_Hon._Selah_Strong%2C_Esqr.%2C_St._George%27s_Manor%2C_Sussex_County%2C_Long_Island_-_%28%3F%29_del._%3B_Tiebout_sculp._LCCN2004671562.jpg,Library of Congress (LCCN 2004671562) via Wikimedia Commons,public_domain,true,true,media/H0287/selah-strong-seat-tiebout-1792.jpg,media/H0287/selah-strong-seat-tiebout-1792.jpg,H0287;H0480
H0288,portrait,"Selah Brewster Strong (National Cyclopedia of American Biography, vol. XI, p. 404)",1901,https://commons.wikimedia.org/wiki/File:Selah_Brewster_Strong.png,https://upload.wikimedia.org/wikipedia/commons/6/64/Selah_Brewster_Strong.png,Wikimedia Commons,public_domain,true,true,media/H0288/selah-brewster-strong-1901.png,media/H0288/selah-brewster-strong-1901.png,H0288
H0288,portrait,"Mrs. Selah Brewster Strong (Cornelia Udall), by William Sidney Mount",,https://commons.wikimedia.org/wiki/File:Mrs._Selah_Brewster_Strong_(Cornelia_Udall)-William_Sidney_Mount-FARL15543.jpg,,Wikimedia Commons,unknown,false,false,,media/H0288/mrs-selah-b-strong-mount.jpg,H0288
H0289,document,Culper Ring code book page (Benjamin Tallmadge),late 1770s,https://commons.wikimedia.org/wiki/File:Culper_Ring_code.jpg,https://upload.wikimedia.org/wikipedia/commons/2/27/Culper_Ring_code.jpg,Wikimedia Commons (source: Mount Vernon / Library of Congress),public_domain,true,true,media/H0289/culper-ring-code-book-page.jpg,media/H0289/culper-ring-code-book-page.jpg,H0289
H0294,portrait,"Julia Gardiner Tyler, by Francesco Anelli",c. 1846-1848,https://commons.wikimedia.org/wiki/File:Julia_Tyler.jpg,https://upload.wikimedia.org/wikipedia/commons/9/90/Julia_Tyler.jpg,Wikimedia Commons (original at the White House),public_domain,true,true,media/H0294/julia-gardiner-tyler-anelli-c1846.jpg,media/H0294/julia-gardiner-tyler-anelli-c1846.jpg,H0294
H0295,newspaper,"'Awful explosion of the Peace-maker on board the U.S. Steam Frigate Princeton', N. Currier lithograph",1844,https://commons.wikimedia.org/wiki/File:Explosion_aboard_USS_Princeton.jpg,https://upload.wikimedia.org/wikipedia/commons/4/45/Explosion_aboard_USS_Princeton.jpg,Library of Congress (LC-USZC2-3201) via Wikimedia Commons,public_domain,true,true,media/H0295/uss-princeton-explosion-currier-1844.jpg,media/H0295/uss-princeton-explosion-currier-1844.jpg,H0295;H0294
H0296,portrait,David Gardiner Tyler,contemporary,https://commons.wikimedia.org/wiki/File:DavidGardinerTyler.jpg,https://upload.wikimedia.org/wikipedia/commons/5/59/DavidGardinerTyler.jpg,Wikimedia Commons (from Harvard VIA),public_domain,true,true,media/H0296/david-gardiner-tyler-portrait.jpg,media/H0296/david-gardiner-tyler-portrait.jpg,H0296
H0297,photo,"Lyon Gardiner Tyler in academic dress (frontispiece, Encyclopedia of Virginia Biography vol. IV)",1915,https://commons.wikimedia.org/wiki/File:Lyon_Gardiner_Tyler_in_academic_dress.png,https://upload.wikimedia.org/wikipedia/commons/e/ef/Lyon_Gardiner_Tyler_in_academic_dress.png,Wikimedia Commons,public_domain,true,true,media/H0297/lyon-gardiner-tyler-1915.png,media/H0297/lyon-gardiner-tyler-1915.png,H0297
H0299,portrait,"John Tyler, by G. P. A. Healy",1842,"https://commons.wikimedia.org/wiki/File:Tyler,_John,_by_Healy_(1842,_NPG_2019_13)_(cropped).jpg",https://upload.wikimedia.org/wikipedia/commons/f/fb/Tyler%2C_John%2C_by_Healy_%281842%2C_NPG_2019_13%29_%28cropped%29.jpg,Wikimedia Commons; National Portrait Gallery NPG.2019.13,public_domain,true,true,media/H0299/john-tyler-healy-1842.jpg,media/H0299/john-tyler-healy-1842.jpg,H0299
H0300,photo,"Commodore Theodorus Bailey, Mathew Brady studio",c. 1860-1865,https://commons.wikimedia.org/wiki/File:Commodore_Theodorus_Bailey_-_NARA_-_528661.jpg,https://upload.wikimedia.org/wikipedia/commons/7/77/Commodore_Theodorus_Bailey_-_NARA_-_528661.jpg,U.S. National Archives (NARA 528661) via Wikimedia Commons,public_domain,true,true,media/H0300/theodorus-bailey-brady-nara.jpg,media/H0300/theodorus-bailey-brady-nara.jpg,H0300
H0300,portrait,Admiral Theodorus Bailey (Portrait Monthly of the New York Illustrated News),Feb 1864,https://commons.wikimedia.org/wiki/File:Admiral_Theodorus_Bailey.jpg,https://upload.wikimedia.org/wikipedia/commons/3/37/Admiral_Theodorus_Bailey.jpg,Wikimedia Commons (from archive.org portraitmonthlyo00newy),public_domain,true,false,,media/H0300/theodorus-bailey-portrait-monthly-1864.jpg,H0300
H0301,portrait,Senator John Smith of New York (Biographical Directory of the U.S. Congress image),,https://commons.wikimedia.org/wiki/File:John_SmithNY.jpg,https://upload.wikimedia.org/wikipedia/commons/0/05/John_SmithNY.jpg,Wikimedia Commons (source: bioguide.congress.gov S000566),public_domain,true,true,media/H0301/john-smith-senator-bioguide.jpg,media/H0301/john-smith-senator-bioguide.jpg,H0301
H0304,portrait,"Mrs. Stanford White (Bessie Springs Smith), marble bust by Augustus Saint-Gaudens",1884 (carved by 1888),https://commons.wikimedia.org/wiki/File:Mrs._Stanford_White_(Bessie_Springs_Smith)_MET_DT2594.jpg,https://upload.wikimedia.org/wikipedia/commons/d/d2/Mrs._Stanford_White_%28Bessie_Springs_Smith%29_MET_DT2594.jpg,Metropolitan Museum of Art via Wikimedia Commons,cc (CC0),true,true,media/H0304/bessie-white-saint-gaudens-bust.jpg,media/H0304/bessie-white-saint-gaudens-bust.jpg,H0304
H0304,portrait,"Mrs. Stanford White (Bessie Springs Smith), bronze relief medallion by Augustus Saint-Gaudens",1884 (cast 1893),https://commons.wikimedia.org/wiki/File:Mrs._Stanford_White_(Bessie_Springs_Smith)_MET_1981.55.1.jpg,https://upload.wikimedia.org/wikipedia/commons/7/70/Mrs._Stanford_White_%28Bessie_Springs_Smith%29_MET_1981.55.1.jpg,Metropolitan Museum of Art (1981.55.1) via Wikimedia Commons,cc (CC0),true,true,media/H0304/bessie-white-saint-gaudens-medallion.jpg,media/H0304/bessie-white-saint-gaudens-medallion.jpg,H0304
H0305,photo,"Lawrence Grant White, photographed by Francis R. Appleton in Italy",1922 (Commons date; caption says WWI),https://commons.wikimedia.org/wiki/File:Lawrence_Grant_White.jpg,https://upload.wikimedia.org/wikipedia/commons/8/84/Lawrence_Grant_White.jpg,Wikimedia Commons (Commons source given as a Find a Grave image URL),public_domain,true,true,media/H0305/lawrence-grant-white-1922.jpg,media/H0305/lawrence-grant-white-1922.jpg,H0305
H0307,portrait,"Cornelius Van Wyck Lawrence (Lamb, History of the City of New York, vol. 3, p. 723)",1896,https://commons.wikimedia.org/wiki/File:Cornelius_Van_Wyck_Lawrence.jpg,https://upload.wikimedia.org/wikipedia/commons/c/c2/Cornelius_Van_Wyck_Lawrence.jpg,Wikimedia Commons,public_domain,true,true,media/H0307/cornelius-vw-lawrence-lamb-1896.jpg,media/H0307/cornelius-vw-lawrence-lamb-1896.jpg,H0307
H0310,portrait,"John Watson Lawrence (History of Queens County, 1882)",1882,https://commons.wikimedia.org/wiki/File:John_Watson_Lawrence.jpg,https://upload.wikimedia.org/wikipedia/commons/7/7d/John_Watson_Lawrence.jpg,Wikimedia Commons,public_domain,true,false,,media/H0310/john-watson-lawrence-1882.jpg,H0310
H0313,portrait,"Rear Admiral Daniel Lawrence Braine (Cyclopedic Review of Current History, vol. 1, p. 289)",1892,https://commons.wikimedia.org/wiki/File:Daniel_Lawrence_Braine.jpg,https://upload.wikimedia.org/wikipedia/commons/3/34/Daniel_Lawrence_Braine.jpg,Wikimedia Commons,public_domain,true,true,media/H0313/daniel-lawrence-braine-1892.jpg,media/H0313/daniel-lawrence-braine-1892.jpg,H0313
H0314,photo,Sagtikos Manor from the driveway,2012,https://commons.wikimedia.org/wiki/File:Sagtikos_Manor_from_Driveway.JPG,https://upload.wikimedia.org/wikipedia/commons/5/50/Sagtikos_Manor_from_Driveway.JPG,Wikimedia Commons (DanTD),cc (CC BY-SA 3.0),true,true,media/H0314/sagtikos-manor-2012.jpg,media/H0314/sagtikos-manor-2012.jpg,H0314;H0316;H0317
H0320,portrait,"Theodore L. Cuyler (frontispiece, Recollections of a Long Life)",1902,https://commons.wikimedia.org/wiki/File:Theodore_L._Cuyler.JPG,https://upload.wikimedia.org/wikipedia/commons/0/08/Theodore_L._Cuyler.JPG,Wikimedia Commons,public_domain,true,true,media/H0320/theodore-cuyler-1902.jpg,media/H0320/theodore-cuyler-1902.jpg,H0320
H0322,photo,Hon. John Franklin Farnsworth of Illinois (Brady-Handy),c. 1860-1875,https://commons.wikimedia.org/wiki/File:John_F._Farnsworth_-_Brady-Handy.jpg,https://upload.wikimedia.org/wikipedia/commons/e/ee/John_F._Farnsworth_-_Brady-Handy.jpg,Library of Congress Brady-Handy Collection (cwpbh.00287) via Wikimedia Commons,public_domain,true,true,media/H0322/john-f-farnsworth-brady-handy.jpg,media/H0322/john-f-farnsworth-brady-handy.jpg,H0322
H0323,photo,"Samuel Dennis Warren, by William Notman",c. 1875,"https://commons.wikimedia.org/wiki/File:Samuel_Dennis_Warren_by_William_Notman,_c1875.jpg",https://upload.wikimedia.org/wikipedia/commons/c/ca/Samuel_Dennis_Warren_by_William_Notman%2C_c1875.jpg,Harvard Art Museums via Wikimedia Commons,public_domain,true,true,media/H0323/sd-warren-notman-c1875.jpg,media/H0323/sd-warren-notman-c1875.jpg,H0323
H0324,portrait,Tapping Reeve (Litchfield Historical Society),,https://commons.wikimedia.org/wiki/File:Tapping_Reeve.JPG,https://upload.wikimedia.org/wikipedia/commons/9/91/Tapping_Reeve.JPG,"Wikimedia Commons, uploaded by Litchfield Historical Society",cc (CC BY-SA 3.0),true,true,media/H0324/tapping-reeve-litchfield-hs.jpg,media/H0324/tapping-reeve-litchfield-hs.jpg,H0324
H0327,photo,"Casey Stengel, Joe DiMaggio, Dan Topping and Del Webb",1951,"https://commons.wikimedia.org/wiki/File:Casey_Stengel,_Joe_DiMaggio,_Dan_Topping_and_Del_Webb_1951.jpg",https://upload.wikimedia.org/wikipedia/commons/b/b2/Casey_Stengel%2C_Joe_DiMaggio%2C_Dan_Topping_and_Del_Webb_1951.jpg,Wikimedia Commons (Los Angeles Daily News),public_domain,true,true,media/H0327/dan-topping-yankees-1951.jpg,media/H0327/dan-topping-yankees-1951.jpg,H0327
H0328,portrait,"Stephen Sayre, sheriff of London (from Banta, Sayre Family)",1901,https://commons.wikimedia.org/wiki/File:Stephen_sayre.png,https://upload.wikimedia.org/wikipedia/commons/6/68/Stephen_sayre.png,Wikimedia Commons,public_domain,false,false,,media/H0328/stephen-sayre-banta-1901.png,H0328
H0332,record,"1920 census, 133 Sand St, Dunmore (Frank Genet household)",1920-01-10,https://ancestors.familysearch.org/service/tree/tree-data/published/sources/GLBZ-Z91/images/i/0/image.jpg,https://ancestors.familysearch.org/service/tree/tree-data/published/sources/GLBZ-Z91/images/i/0/image.jpg,FamilySearch (published tree attachment),public_domain,true,true,media/H0332/1920-census-133-sand-st.jpg,media/H0332/1920-census-133-sand-st.jpg,H0332;H0333;H0334;H0367;H0368;H0370;H0371;H0373
H0333,record,"1910 census, Sand St, Dunmore (Francesco Janet household)",1910-04-21,https://ancestors.familysearch.org/service/tree/tree-data/published/sources/LCPG-XKM/images/i/0/image.jpg,https://ancestors.familysearch.org/service/tree/tree-data/published/sources/LCPG-XKM/images/i/0/image.jpg,FamilySearch (published tree attachment),public_domain,true,true,media/H0333/1910-census-sand-st.jpg,media/H0333/1910-census-sand-st.jpg,H0333;H0334;H0367;H0368;H0369;H0370
H0333,record,"PA death index 1934, entry for Francesco Giannett (file 36353)",1934,https://www.phmc.state.pa.us/bah/dam/rg/di/r11_090_DeathIndexes/Death_1934/D-34%20F-G.pdf,https://www.phmc.state.pa.us/bah/dam/rg/di/r11_090_DeathIndexes/Death_1934/D-34%20F-G.pdf,Pennsylvania State Archives,unknown,false,false,,media/H0333/pa-death-index-1934.pdf,H0333
H0333,record,"Marriage license No. 753 (1933), Joseph Genett and Vinchinza Gellette, naming Frank and Angelica (Ferandina) Genett",1933-05-27,https://ancestors.familysearch.org/service/tree/tree-data/published/sources/LCPG-XKM/images/i/1/image.jpg,https://ancestors.familysearch.org/service/tree/tree-data/published/sources/LCPG-XKM/images/i/1/image.jpg,FamilySearch (Lackawanna Co. Orphans' Court),unknown,false,false,,media/H0371/marriage-license-1933.jpg,H0333;H0334;H0371
H0334,record,"1940 census, 133 Sand St, Dunmore (Angelica Genett household)",1940-04-05,https://ancestors.familysearch.org/service/tree/tree-data/published/sources/GQPJ-C82/images/i/0/image.jpg,https://ancestors.familysearch.org/service/tree/tree-data/published/sources/GQPJ-C82/images/i/0/image.jpg,FamilySearch (published tree attachment),public_domain,true,true,media/H0334/1940-census-133-sand-st.jpg,media/H0334/1940-census-133-sand-st.jpg,H0334;H0370;H0373
H0334,record,"1950 census, 133 Sand St, Dunmore (Anthony Genett household with mother Angelica)",1950-04-22,https://ancestors.familysearch.org/service/tree/tree-data/published/sources/LCPG-FC6/images/i/0/image.jpg,https://ancestors.familysearch.org/service/tree/tree-data/published/sources/LCPG-FC6/images/i/0/image.jpg,FamilySearch (published tree attachment),public_domain,true,true,media/H0334/1950-census-133-sand-st.jpg,media/H0334/1950-census-133-sand-st.jpg,H0334;H0370
H0351,record,"Repatriation index card of Grace DiBiasi, 29 Jun 1943",1943-06-29,https://ancestors.familysearch.org/service/tree/tree-data/published/sources/GQWT-QQ8/images/i/1/image.jpg,https://ancestors.familysearch.org/service/tree/tree-data/published/sources/GQWT-QQ8/images/i/1/image.jpg,FamilySearch (published tree attachment),public_domain,true,true,media/H0351/repatriation-card-1943.jpg,media/H0351/repatriation-card-1943.jpg,H0351
H0351,record,"1940 census, 1003-1015 Bunker Hill St, Scranton (DiBiasi and Castellano households)",1940-04-16,https://ancestors.familysearch.org/service/tree/tree-data/published/sources/G812-H28/images/i/1/image.jpg,https://ancestors.familysearch.org/service/tree/tree-data/published/sources/G812-H28/images/i/1/image.jpg,FamilySearch (published tree attachment),public_domain,true,true,media/H0351/1940-census-1015-bunker-hill.jpg,media/H0351/1940-census-1015-bunker-hill.jpg,H0351;H0501;H0355;H0503;H0512;H0366
H0355,newspaper,"Obituary of Josephine Castellano, The Arizona Republic, 29 Nov 1995",1995-11-29,https://ancestors.familysearch.org/service/tree/tree-data/published/sources/GQWT-QQ6/images/i/2/image.jpg,https://ancestors.familysearch.org/service/tree/tree-data/published/sources/GQWT-QQ6/images/i/2/image.jpg,"FamilySearch (Arizona, Gila, Payson, Obituaries)",copyrighted,false,false,,media/H0355/obituary-1995.jpg,H0355;H0503
H0361,record,"WWII draft registration card of Rocco James Petrello, 1942",1942-04-27,https://ancestors.familysearch.org/service/tree/tree-data/published/sources/L6MH-TCL/images/i/2/image.jpg,https://ancestors.familysearch.org/service/tree/tree-data/published/sources/L6MH-TCL/images/i/2/image.jpg,FamilySearch (published tree attachment),public_domain,true,true,media/H0361/wwii-draft-card-1942.jpg,media/H0361/wwii-draft-card-1942.jpg,H0361
H0370,record,"WWII draft registration card of Anthony Genett, 16 Oct 1940 (discharge annotation 1945)",1940-10-16,https://ancestors.familysearch.org/service/tree/tree-data/published/sources/GQPJ-85H/images/i/2/image.jpg,https://ancestors.familysearch.org/service/tree/tree-data/published/sources/GQPJ-85H/images/i/2/image.jpg,FamilySearch (published tree attachment),public_domain,true,true,media/H0370/wwii-draft-card-1940.jpg,media/H0370/wwii-draft-card-1940.jpg,H0370;H0334
H0371,record,"Marriage license No. 753 (1933), Joseph Genett and Vinchinza Gellette",1933-05-27,https://ancestors.familysearch.org/service/tree/tree-data/published/sources/LCPG-XKM/images/i/1/image.jpg,https://ancestors.familysearch.org/service/tree/tree-data/published/sources/LCPG-XKM/images/i/1/image.jpg,FamilySearch (Lackawanna Co. Orphans' Court),unknown,false,false,,media/H0371/marriage-license-1933.jpg,H0371;H0333;H0334
H0435,record,"Verona, Minn., death register 1897 with Bethia Roberts, daughter of Benj. and Charity Pringle",1897-12-30,https://www.familysearch.org/service/tree/tree-data/published/persons/L4WX-HKC,https://ancestors.familysearch.org/service/tree/tree-data/published/sources/L4WX-HKC/images/i/1/image.jpg,"FamilySearch (Faribault Co., Minn. records)",public_domain,true,true,media/H0435/1897-minnesota-death-register-bethia-roberts.jpg,media/H0435/1897-minnesota-death-register-bethia-roberts.jpg,H0435;H0146;NEW-401
H0441,record,"VA master index card, Pvt. Francis J. Randall, 2nd Conn. Light Battery",c.1930s (index of pension records),https://www.familysearch.org/service/tree/tree-data/published/persons/G3RX-RC3,https://ancestors.familysearch.org/service/tree/tree-data/published/sources/G3RX-RC3/images/i/1/image.jpg,"FamilySearch (NARA, VA Master Index)",public_domain,true,true,media/H0441/va-master-index-card-francis-j-randall.jpg,media/H0441/va-master-index-card-francis-j-randall.jpg,H0441;H0161
H0442,book,"Constant's journal, 3 Sep 1783: marriage of David Prindle and Susanna Lamoreux",1903,https://archive.org/details/cu31924028826894,,Internet Archive (Cornell University Library),public_domain,true,false,,media/H0442/constant-journal-1783-prindle-lamoreux.jpg,H0442;H0166
H0471,document,Coat of arms of Thomas Pell (modern rendering),2023,https://commons.wikimedia.org/wiki/File:Coat_of_Arms_of_Thomas_Pell.svg,https://upload.wikimedia.org/wikipedia/commons/0/0d/Coat_of_Arms_of_Thomas_Pell.svg,"Wikimedia Commons (after Matthews' American Armoury, 1907)",cc (CC BY-SA 4.0),false,false,,media/H0471/thomas-pell-arms.svg,H0471
H0484,photo,"Stanford White, photograph by George Cox",c. 1892,https://commons.wikimedia.org/wiki/File:Stanford_White_by_George_Cox_ca._1892.jpg,https://upload.wikimedia.org/wikipedia/commons/a/a5/Stanford_White_by_George_Cox_ca._1892.jpg,Wikimedia Commons (Smithsonian Institution; restored by Adam Cuerden),public_domain,true,true,media/H0484/stanford-white-cox-c1892.jpg,media/H0484/stanford-white-cox-c1892.jpg,H0484
H0486,portrait,"CAUTION: portrait on Commons labelled 'Philip Carteret' shows the explorer, not the governor",,https://commons.wikimedia.org/wiki/File:Philip_Carteret.jpg,https://upload.wikimedia.org/wikipedia/commons/5/5b/Philip_Carteret.jpg,Wikimedia Commons,unknown,false,false,,media/H0486/do-not-use-philip-carteret.jpg,H0486
H0487,document,Coat of arms of Richard Townley (modern rendering),2023,https://commons.wikimedia.org/wiki/File:Coat_of_Arms_of_Richard_Townley.svg,https://upload.wikimedia.org/wikipedia/commons/9/9a/Coat_of_Arms_of_Richard_Townley.svg,Wikimedia Commons (after NEHGS Roll of Arms),cc (CC BY-SA 4.0),false,false,,media/H0487/richard-townley-arms.svg,H0487
I282604493482,record,"1927 Luzerne marriage application no. 17091 (William B. McGuire), naming parents James (b. Danville) and Anna Jones",1927-11-25,https://familysearch.org/ark:/61903/1:1:KHXY-TFM,https://ancestors.familysearch.org/service/tree/tree-data/published/sources/GZQN-SCM/images/i/2/image.jpg,Luzerne County Orphans' Court via FamilySearch,public_domain,true,true,media/I282604680657/1927-luzerne-marriage-application-17091.jpg,media/I282604680657/1927-luzerne-marriage-application-17091.jpg,I282604680657;I282604493482;I282604494274;I282604494275
I282604494275,record,"1880 census, Plymouth Twp ED 144 p.21: Edward F. Jones household",1880-06-11,https://familysearch.org/ark:/61903/1:1:MWNZ-HXR,https://ancestors.familysearch.org/service/tree/tree-data/published/sources/L85M-P2Q/images/i/0/image.jpg,NARA via FamilySearch,public_domain,true,true,media/I282604497369/1880-census-plymouth-twp-edward-f-jones.jpg,media/I282604497369/1880-census-plymouth-twp-edward-f-jones.jpg,I282604497369;I282604497276;I282604494275;I282604498336
I282604497276,record,"1880 census, Plymouth Twp ED 144 p.21: Edward F. Jones household",1880-06-11,https://familysearch.org/ark:/61903/1:1:MWNZ-HXR,https://ancestors.familysearch.org/service/tree/tree-data/published/sources/L85M-P2Q/images/i/0/image.jpg,NARA via FamilySearch,public_domain,true,true,media/I282604497369/1880-census-plymouth-twp-edward-f-jones.jpg,media/I282604497369/1880-census-plymouth-twp-edward-f-jones.jpg,I282604497369;I282604497276;I282604494275;I282604498336
I282604497369,record,"1880 census, Plymouth Twp ED 144 p.21: Edward F. Jones household",1880-06-11,https://familysearch.org/ark:/61903/1:1:MWNZ-HXR,https://ancestors.familysearch.org/service/tree/tree-data/published/sources/L85M-P2Q/images/i/0/image.jpg,NARA via FamilySearch,public_domain,true,true,media/I282604497369/1880-census-plymouth-twp-edward-f-jones.jpg,media/I282604497369/1880-census-plymouth-twp-edward-f-jones.jpg,I282604497369;I282604497276;I282604494275;I282604498336
I282604497369,record,"Luzerne marriage docket no. 71238 (Joseph S. Jones & Agnes M. McAvoy), 1914",1914-12-26,https://familysearch.org/ark:/61903/1:1:KHFK-JHT,https://ancestors.familysearch.org/service/tree/tree-data/published/sources/L85M-P2Q/images/i/1/image.jpg,Luzerne County Orphans' Court via FamilySearch,public_domain,true,true,media/I282604497369/1914-luzerne-marriage-docket-71238-jones-mcavoy.jpg,media/I282604497369/1914-luzerne-marriage-docket-71238-jones-mcavoy.jpg,H0065;H0064;I282604497369;I282604497276;I282604498554;I282604498567
I282604498336,record,"1880 census, Plymouth Twp ED 144 p.21: Edward F. Jones household",1880-06-11,https://familysearch.org/ark:/61903/1:1:MWNZ-HXR,https://ancestors.familysearch.org/service/tree/tree-data/published/sources/L85M-P2Q/images/i/0/image.jpg,NARA via FamilySearch,public_domain,true,true,media/I282604497369/1880-census-plymouth-twp-edward-f-jones.jpg,media/I282604497369/1880-census-plymouth-twp-edward-f-jones.jpg,I282604497369;I282604497276;I282604494275;I282604498336
I282604500799,record,"1870 census, Plymouth Twp p.66: Martin Murphy household",1870-07-29,https://familysearch.org/ark:/61903/1:1:MZPY-311,https://ancestors.familysearch.org/service/tree/tree-data/published/sources/G7FL-HGY/images/i/2/image.jpg,NARA via FamilySearch,public_domain,true,true,media/I282604500799/1870-census-plymouth-twp-martin-murphy.jpg,media/I282604500799/1870-census-plymouth-twp-martin-murphy.jpg,I282604500799;I282604500824;I282604498567
I282604680657,record,"1927 Luzerne marriage application no. 17091, William Bernard McGuire & Mary Marguerite Prout",1927-11-25,https://familysearch.org/ark:/61903/1:1:KHXY-TFM,https://ancestors.familysearch.org/service/tree/tree-data/published/sources/GZQN-SCM/images/i/2/image.jpg,Luzerne County Orphans' Court via FamilySearch,public_domain,true,true,media/I282604680657/1927-luzerne-marriage-application-17091.jpg,media/I282604680657/1927-luzerne-marriage-application-17091.jpg,I282604680657;I282604494274;I282604494275
I282608053666,record,"1900 census, Plymouth Twp, ED 133 sheet 10B: Addison, Orange and Catherine Pringle households",1900-06-07,https://www.familysearch.org/service/tree/tree-data/published/persons/9KXX-MWR,https://ancestors.familysearch.org/service/tree/tree-data/published/sources/9KXX-MWR/images/i/0/image.jpg,FamilySearch (NARA T623),public_domain,true,true,research_output/media/I282608053666/1900-census-plymouth-twp-ed133-sh10b.jpg,media/I282608053666/1900-census-plymouth-twp-ed133-sh10b.jpg,I282608053666;I282608053698;H0159;H0161
I282608053685,record,"1860 census, Plymouth: Andrew & Catharine Pringle next to James & Elizabeth",1860-08-07,https://www.familysearch.org/service/tree/tree-data/published/persons/KG4S-XMF,https://ancestors.familysearch.org/service/tree/tree-data/published/sources/KG4S-XMF/images/i/0/image.jpg,FamilySearch (NARA M653),public_domain,true,true,research_output/media/I282608053685/1860-census-plymouth-pringle.jpg,media/I282608053685/1860-census-plymouth-pringle.jpg,I282608053685;I282608053698;I282608053719;I282608053741;H0158
I282608053685,record,"1870 census, Plymouth Twp (P.O. Kingston): Andrew 'Prindle' household with James, 71",1870-07-29,https://www.familysearch.org/service/tree/tree-data/published/persons/KG4S-XMF,https://ancestors.familysearch.org/service/tree/tree-data/published/sources/KG4S-XMF/images/i/2/image.jpg,FamilySearch (NARA M593),public_domain,true,true,research_output/media/I282608053685/1870-census-plymouth-twp-prindle.jpg,media/I282608053685/1870-census-plymouth-twp-prindle.jpg,I282608053685;I282608053698;I282608053719;I282608053666;H0159;H0160;H0161;H0162
I282608053698,record,"1910 census, Larksville: Orange Pringle household with mother Katherine (parents b. Connecticut)",1910-04-21,https://www.familysearch.org/service/tree/tree-data/published/persons/LHCS-RCM,https://ancestors.familysearch.org/service/tree/tree-data/published/sources/LHCS-RCM/images/i/2/image.jpg,FamilySearch (NARA T624),public_domain,true,true,research_output/media/I282608053698/1910-census-larksville-orange-pringle.jpg,media/I282608053698/1910-census-larksville-orange-pringle.jpg,I282608053698;H0159;I282608053666
I282608053698,document,PA death index 1918 P-Q-R (page with Catherine Pringle),1918,https://www.phmc.state.pa.us/bah/dam/rg/di/r11_090_DeathIndexes/Death_1918/D-18%20P-Q-R.pdf,https://www.phmc.state.pa.us/bah/dam/rg/di/r11_090_DeathIndexes/Death_1918/D-18%20P-Q-R.pdf,Pennsylvania State Archives,public_domain,false,false,,media/I282608053698/pa-death-index-1918-p169.pdf,I282608053698
I282608053719,record,"1860 census, Plymouth: James & Elizabeth Pringle with son Andrew next door",1860-08-07,https://www.familysearch.org/service/tree/tree-data/published/persons/KG4S-XMF,https://ancestors.familysearch.org/service/tree/tree-data/published/sources/KG4S-XMF/images/i/0/image.jpg,FamilySearch (NARA M653),public_domain,true,true,research_output/media/I282608053685/1860-census-plymouth-pringle.jpg,media/I282608053685/1860-census-plymouth-pringle.jpg,I282608053719;I282608053741;I282608053685
I282608053719,record,Toronto marriage register 1867 (Thomas Murray Pringle) - evidence of FamilySearch merge,1867-08-13,https://www.familysearch.org/service/tree/tree-data/published/persons/KP7T-1HK,https://ancestors.familysearch.org/service/tree/tree-data/published/sources/KP7T-1HK/images/i/2/image.jpg,FamilySearch / Archives of Ontario,unknown,false,false,,,I282608053719
I282608055448,record,"1800 census, Plymouth Twp: James and Samuel Prindle households",1800,https://www.familysearch.org/service/tree/tree-data/published/persons/G99D-9DZ,https://ancestors.familysearch.org/service/tree/tree-data/published/sources/G99D-9DZ/images/i/0/image.jpg,FamilySearch (NARA M32),public_domain,true,true,research_output/media/I282608055448/1800-census-plymouth-twp-prindle.jpg,media/I282608055448/1800-census-plymouth-twp-prindle.jpg,I282608055448;I282608055455;I282695583810
I282608060497,record,"1900 census, Plymouth Ward 3: Andrew Hefferman household",1900-06-01,https://familysearch.org/ark:/61903/1:1:M3QQ-KR7,https://ancestors.familysearch.org/service/tree/tree-data/published/sources/LB2N-F9R/images/i/0/image.jpg,NARA via FamilySearch,public_domain,true,true,media/I282608060497/1900-census-plymouth-ward3-heffernan.jpg,media/I282608060497/1900-census-plymouth-ward3-heffernan.jpg,I282608060497;I282608064637;H0111;H0113;H0114;H0115;H0116;H0117;H0118
I282608064820,record,"1950 census: Henry J. Meier, 83, with Anna and Mary at 16 Barney St, Wilkes-Barre",1950-04-08,https://familysearch.org/ark:/61903/1:1:6XB1-LZM7,https://ancestors.familysearch.org/service/tree/tree-data/published/sources/LTHM-BQ6/images/i/0/image.jpg,U.S. National Archives (1950 census) via FamilySearch,public_domain,true,true,media/I282608064820/census-1950-wilkes-barre-16-barney.jpg,media/I282608064820/census-1950-wilkes-barre-16-barney.jpg,I282608064820;H0014
I282608064820,record,"PA death index 1950: Harry J. Meier, Wilkes-Barre, 20 Dec 1950",1950,https://www.pa.gov/agencies/phmc/pa-state-archives/research-online/vital-records/death-records,https://www.phmc.state.pa.us/bah/dam/rg/di/r11_090_DeathIndexes/Death_1950/D-50%20M(000)-O(662).pdf,Pennsylvania State Archives,unknown,false,false,,media/I282608064820/pa-death-index-1950-p1285.jpg,I282608064820
I282608064885,record,"Munzingen 1862 birth of Friedrich Mayer (son), with paternity acknowledgment by Friedrich Mayer, mason",1862-01-13,http://www.landesarchiv-bw.de/plink/?f=5-480947-431,,"Landesarchiv Baden-Württemberg, Staatsarchiv Freiburg, L 10 Nr. 1591",public_domain,true,true,media/I282608085066/birth-1862-munzingen-L10-1591-img431.jpg,media/I282608085066/birth-1862-munzingen-L10-1591-img431.jpg,I282608085066;I282608064885;I282608064896;I282608085304;H0023;H0391
I282608064942,record,Munzingen death register 1867 No. 13: Agatha Birkenmaier née Heitzler,1867-08-05,http://www.landesarchiv-bw.de/plink/?f=5-480947-572,,"Landesarchiv Baden-Württemberg, Staatsarchiv Freiburg, L 10 Nr. 1591",public_domain,true,true,media/I282608064942/death-1867-munzingen-L10-1591-img572.jpg,media/I282608064942/death-1867-munzingen-L10-1591-img572.jpg,I282608064942;I282608064919
I282608065054,record,"1840 census, Plymouth Twp: Fred'k Croup household",1840,https://www.familysearch.org/service/tree/tree-data/published/persons/9JB3-46Q,https://ancestors.familysearch.org/service/tree/tree-data/published/sources/9JB3-46Q/images/i/0/image.jpg,FamilySearch (NARA M704),public_domain,true,true,research_output/media/I282608065054/1840-census-plymouth-twp-fredk-croup.jpg,media/I282608065054/1840-census-plymouth-twp-fredk-croup.jpg,I282608065054;I282695534711
I282608065054,record,"1820 census, Plymouth: Frederick 'Crapp' and Devens households",1820,https://www.familysearch.org/service/tree/tree-data/published/persons/9JB3-46Q,https://ancestors.familysearch.org/service/tree/tree-data/published/sources/9JB3-46Q/images/i/2/image.jpg,FamilySearch (NARA M33),public_domain,true,true,research_output/media/I282608065054/1820-census-plymouth-frederick-crapp.jpg,media/I282608065054/1820-census-plymouth-frederick-crapp.jpg,I282608065054;I282608053741;I282824886193
I282608078175,record,Reichenbach Lutheran baptisms 1727 p.93: Joh. Andreas Grub,1727-09-21,https://www.familysearch.org/service/tree/tree-data/published/persons/M5YG-41Z,https://ancestors.familysearch.org/service/tree/tree-data/published/sources/M5YG-41Z/images/i/1/image.jpg,FamilySearch (German Lutheran church book),unknown,false,false,,media/I282608078175/reichenbach-1727-baptism.jpg,I282608078175;H0074
I282608085064,record,"Luzerne County marriage docket No. 21146: Thomas A. Boyle and Theresa Meier, 1896",1896-10-28,https://ancestors.familysearch.org/service/tree/tree-data/published/sources/G7GQ-D75/images/i/1/image.jpg,https://ancestors.familysearch.org/service/tree/tree-data/published/sources/G7GQ-D75/images/i/1/image.jpg,Luzerne County Orphans' Court (via FamilySearch),public_domain,true,true,media/I282608085064/marriage-docket-1896-boyle-meier.jpg,media/I282608085064/marriage-docket-1896-boyle-meier.jpg,I282608085064;H0388
I282608085065,record,Munzingen birth register 1864 No. 15: Maria Mayer,1864-09-04,http://www.landesarchiv-bw.de/plink/?f=5-480947-473,,"Landesarchiv Baden-Württemberg, Staatsarchiv Freiburg, L 10 Nr. 1591",public_domain,true,true,media/I282608085065/birth-1864-munzingen-L10-1591-img473.jpg,media/I282608085065/birth-1864-munzingen-L10-1591-img473.jpg,I282608085065;I282608064885;I282608064896
I282608085066,record,"Munzingen birth register 1862 No. 2 (left half): Friedrich, son of Maria Anna Birkenmaier",1862-01-13,http://www.landesarchiv-bw.de/plink/?f=5-480947-431,,"Landesarchiv Baden-Württemberg, Staatsarchiv Freiburg, L 10 Nr. 1591",public_domain,true,true,media/I282608085066/birth-1862-munzingen-L10-1591-img431.jpg,media/I282608085066/birth-1862-munzingen-L10-1591-img431.jpg,I282608085066;I282608064885;I282608064896
I282608085066,record,Munzingen birth register 1862 No. 2 (continuation): acknowledgement by Friedrich Mayer,1862-01-13,http://www.landesarchiv-bw.de/plink/?f=5-480947-432,,"Landesarchiv Baden-Württemberg, Staatsarchiv Freiburg, L 10 Nr. 1591",public_domain,true,true,media/I282608085066/birth-1862-munzingen-L10-1591-img432.jpg,media/I282608085066/birth-1862-munzingen-L10-1591-img432.jpg,I282608085066;I282608064885
I282608085066,record,"Luzerne County marriage docket No. 714: Fred Meir and Annie Wenner, 1886",1886-05-12,https://ancestors.familysearch.org/service/tree/tree-data/published/sources/G7GQ-XGX/images/i/1/image.jpg,https://ancestors.familysearch.org/service/tree/tree-data/published/sources/G7GQ-XGX/images/i/1/image.jpg,Luzerne County Orphans' Court (via FamilySearch),public_domain,true,true,media/I282608085066/marriage-docket-1886-meir-wenner.jpg,media/I282608085066/marriage-docket-1886-meir-wenner.jpg,I282608085066;H0385
I282608085068,record,"WWI draft card, John Joseph Meier, Allentown, 1918",1918,https://ancestors.familysearch.org/service/tree/tree-data/published/sources/G7GQ-JPJ/images/i/2/image.jpg,https://ancestors.familysearch.org/service/tree/tree-data/published/sources/G7GQ-JPJ/images/i/2/image.jpg,NARA (via FamilySearch),public_domain,true,true,media/I282608085068/wwi-draft-card-1918.jpg,media/I282608085068/wwi-draft-card-1918.jpg,I282608085068
I282608085068,record,"WWII draft card, John Joseph Meier, 1942",1942-04-27,https://ancestors.familysearch.org/service/tree/tree-data/published/sources/G7GQ-JPJ/images/i/0/image.jpg,https://ancestors.familysearch.org/service/tree/tree-data/published/sources/G7GQ-JPJ/images/i/0/image.jpg,NARA (via FamilySearch),public_domain,true,true,media/I282608085068/wwii-draft-card-1942.jpg,media/I282608085068/wwii-draft-card-1942.jpg,I282608085068
I282608085070,record,Munzingen birth register 1863 No. 3: Franziska Mayer,1863-03-10,http://www.landesarchiv-bw.de/plink/?f=5-480947-447,,"Landesarchiv Baden-Württemberg, Staatsarchiv Freiburg, L 10 Nr. 1591",public_domain,true,true,media/I282608085070/birth-1863-munzingen-L10-1591-img447.jpg,media/I282608085070/birth-1863-munzingen-L10-1591-img447.jpg,I282608085070;H0028;H0027;I282608064885;I282608064896
I282608085071,record,"Northampton County marriage licence No. 10968: Duffin and Meier, 1903",1903-06-03,https://ancestors.familysearch.org/service/tree/tree-data/published/sources/G7GQ-XH5/images/i/1/image.jpg,https://ancestors.familysearch.org/service/tree/tree-data/published/sources/G7GQ-XH5/images/i/1/image.jpg,Northampton County Orphans' Court (via FamilySearch),public_domain,true,true,media/I282608085071/marriage-licence-1903-duffin-meier.jpg,media/I282608085071/marriage-licence-1903-duffin-meier.jpg,I282608085071;H0390
I282695486702,portrait,"John Cleves Symmes, drawing by Henry Howe",1907,https://commons.wikimedia.org/wiki/File:John_Cleve_Symmes_(by_Howe).png,https://upload.wikimedia.org/wikipedia/commons/4/4e/John_Cleve_Symmes_%28by_Howe%29.png,"Wikimedia Commons (from Howe, Historical Collections of Ohio, 1907, p. 813)",public_domain,true,false,,media/I282695486702/john-cleves-symmes-howe-1907.png,I282695486702
I282695486894,newspaper,New York Herald report of the theft of John Scott Harrison's body,1878-05-31,https://www.loc.gov/resource/sn83030313/1878-05-31/ed-1/?sp=5,https://tile.loc.gov/image-services/iiif/service:ndnp:dlc:batch_dlc_poppy_ver01:data:sn83030313:0027174402A:1878053101:0808/full/pct:25/0/default.jpg,"Library of Congress, Chronicling America",public_domain,true,true,media/I282695486894/ny-herald-1878-05-31-body-snatching.jpg,media/I282695486894/ny-herald-1878-05-31-body-snatching.jpg,I282695486894
I282695486894,link,Congressional biography of John Scott Harrison,,https://bioguide.congress.gov/search/bio/H000272,,U.S. Congress,public_domain,false,false,,,I282695486894
I282695486911,portrait,"Anna Tuthill Symmes Harrison, oil on board, artist unknown",c. 1820,https://commons.wikimedia.org/wiki/File:Anna_Tuthill_Symmes_Harrison.jpg,https://upload.wikimedia.org/wikipedia/commons/d/d5/Anna_Tuthill_Symmes_Harrison.jpg,Wikimedia Commons (credit: White House Historical Association first-lady portraits),public_domain,true,true,media/I282695486911/anna-symmes-harrison-portrait-c1820.jpg,media/I282695486911/anna-symmes-harrison-portrait-c1820.jpg,I282695486911
I282695486913,photo,"Benjamin Harrison, Pach Brothers studio photograph",1896,https://commons.wikimedia.org/wiki/File:Pach_Brothers_-_Benjamin_Harrison_(cropped)_(cropped).jpg,https://upload.wikimedia.org/wikipedia/commons/4/49/Pach_Brothers_-_Benjamin_Harrison_%28cropped%29_%28cropped%29.jpg,Wikimedia Commons (Library of Congress cph.3c34885; restoration by Adam Cuerden),public_domain,true,true,media/I282695486913/benjamin-harrison-pach-1896.jpg,media/I282695486913/benjamin-harrison-pach-1896.jpg,I282695486913
I282695486914,portrait,"William Henry Harrison, by Albert Gallatin Hoit",1840,https://commons.wikimedia.org/wiki/File:William_Henry_Harrison_crop.jpg,https://upload.wikimedia.org/wikipedia/commons/2/2c/William_Henry_Harrison_crop.jpg,Wikimedia Commons; original at National Portrait Gallery NPG.67.5,public_domain,true,true,media/I282695486914/william-henry-harrison-hoit-1840.jpg,media/I282695486914/william-henry-harrison-hoit-1840.jpg,I282695486914
I282695503435,record,"1940 census, 1028 Bunker Hill St, Scranton (Petriello households)",1940-04-20,https://ancestors.familysearch.org/service/tree/tree-data/published/sources/GQWR-122/images/i/0/image.jpg,https://ancestors.familysearch.org/service/tree/tree-data/published/sources/GQWR-122/images/i/0/image.jpg,FamilySearch (published tree attachment),public_domain,true,true,media/I282695503435/1940-census-bunker-hill.jpg,media/I282695503435/1940-census-bunker-hill.jpg,I282695503435;I282695504010;H0332;H0356;H0358;H0505
I282695503435,record,"1950 census, 128 Sand St, Dunmore (James Petriello household)",1950-04-21,https://ancestors.familysearch.org/service/tree/tree-data/published/sources/GQWR-TY6/images/i/0/image.jpg,https://ancestors.familysearch.org/service/tree/tree-data/published/sources/GQWR-TY6/images/i/0/image.jpg,FamilySearch (published tree attachment),public_domain,true,true,media/I282695503435/1950-census-sand-st.jpg,media/I282695503435/1950-census-sand-st.jpg,I282695503435;I282695504010;H0332;H0369
I282695503581,record,"Baptism of Maria Philumena (Helen) Ferlaino, San Mango d'Aquino, 9 Oct 1894",1894-10-09,https://drive.google.com/embeddedfolderview?id=1sy_guK45siVzApsnsfDTPxbdGgOhK_WY,https://drive.usercontent.google.com/download?id=1H3Xnxq1LsAd42jJhZ83sPsAnGduoRqx8&export=download&confirm=t,"Parish of San Tommaso d'Aquino, San Mango d'Aquino; photographs shared via ItalianParishRecords.org (Google Drive)",unknown,false,false,,media/I282695503581/baptism-1894-san-mango.jpg,I282695503581;I282697102554;I282824815192
I282695503581,document,PA death index 1965: Helen Cognetti,1965,https://www.phmc.state.pa.us/bah/dam/rg/di/r11_090_DeathIndexes/Death_1965/D-65%20C-D.pdf,https://www.phmc.state.pa.us/bah/dam/rg/di/r11_090_DeathIndexes/Death_1965/D-65%20C-D.pdf,Pennsylvania State Archives,unknown,false,false,,media/I282695503581/pa-death-index-1965.pdf,I282695503581
I282695504010,record,"WWII draft registration card of James Petriello, 16 Oct 1940",1940-10-16,https://ancestors.familysearch.org/service/tree/tree-data/published/sources/GQWR-TY6/images/i/2/image.jpg,https://ancestors.familysearch.org/service/tree/tree-data/published/sources/GQWR-TY6/images/i/2/image.jpg,FamilySearch (published tree attachment),public_domain,true,true,media/I282695504010/wwii-draft-card-1940.jpg,media/I282695504010/wwii-draft-card-1940.jpg,I282695504010;H0332
I282695504114,record,"PA death index 1939, entry for Giovanni J Petrillo (file 37883)",1939,https://www.phmc.state.pa.us/bah/dam/rg/di/r11_090_DeathIndexes/Death_1939/D-39%20P-Q.pdf,https://www.phmc.state.pa.us/bah/dam/rg/di/r11_090_DeathIndexes/Death_1939/D-39%20P-Q.pdf,Pennsylvania State Archives,unknown,false,false,,media/I282695504114/pa-death-index-1939.pdf,I282695504114
I282695504114,record,"Marriage license No. 1856 (1934), Charles Petriello and Elsie Jaworski, naming parents John and Mary 'Bibisi'",1934-08-27,https://ancestors.familysearch.org/service/tree/tree-data/published/sources/GQWT-4Z7/images/i/2/image.jpg,https://ancestors.familysearch.org/service/tree/tree-data/published/sources/GQWT-4Z7/images/i/2/image.jpg,FamilySearch (Lackawanna Co. Orphans' Court),unknown,false,false,,media/H0356/marriage-license-1934.jpg,I282695504114;I282695504203;H0356
I282695583838,record,"1790 census, New Cornwall, Orange Co., NY, p.382: John and Peter Lomereaux, Oliver Davenport, David Prindle",1790,https://www.familysearch.org/service/tree/tree-data/published/persons/L1D9-JYR,https://ancestors.familysearch.org/service/tree/tree-data/published/sources/L1D9-JYR/images/i/0/image.jpg,FamilySearch (NARA M637),public_domain,true,true,research_output/media/I282695583838/1790-census-new-cornwall-john-lomereaux.jpg,media/I282695583838/1790-census-new-cornwall-john-lomereaux.jpg,I282695583838;H0073
I282695584117,record,Ulmet Lutheran baptism register 1722 p.245: Johann Caspar Doll,1722-02-01,https://www.familysearch.org/service/tree/tree-data/published/persons/M7ZN-ZBL,https://ancestors.familysearch.org/service/tree/tree-data/published/sources/M7ZN-ZBL/images/i/1/image.jpg,FamilySearch (Ulmet Lutheran parish register),unknown,false,false,,media/I282695584117/ulmet-baptism-1722-johann-caspar-doll.jpg,I282695584117;H0080;H0081
I282697102554,record,"Baptism of Leopoldo Ferlaino, San Mango d'Aquino, 25 Jul 1871",1871-07-25,https://drive.google.com/embeddedfolderview?id=1GDZrKBPMktUWjT1Vp7yNH4jUHhcWJTsP,https://drive.usercontent.google.com/download?id=1a7rn4F2Jv2P_RlqTVucxJjSO87urmr9k&export=download&confirm=t,"San Tommaso d'Aquino parish, San Mango d'Aquino (volunteer photographs, ItalianParishRecords.org)",unknown,false,false,,media/I282697102554/baptism-1871.jpg,I282697102554;I282824815295;I282824815311
I282697102554,document,"PA death index 1915: Leopoldo Ferlaino, Dickson City",1915,https://www.phmc.state.pa.us/bah/dam/rg/di/r11_090_DeathIndexes/Death_1915/D-15%20E-F-G.pdf,https://www.phmc.state.pa.us/bah/dam/rg/di/r11_090_DeathIndexes/Death_1915/D-15%20E-F-G.pdf,Pennsylvania State Archives,unknown,false,false,,media/I282697102554/pa-death-index-1915.pdf,I282697102554
I282824799057,record,"1810 census, Pittston Twp: Daniel Scott Jr., Joseph Scott, Stephen Scott households",1810,https://www.familysearch.org/service/tree/tree-data/published/persons/GC9K-HF1,https://ancestors.familysearch.org/service/tree/tree-data/published/sources/GC9K-HF1/images/i/0/image.jpg,FamilySearch (NARA M252),public_domain,true,true,research_output/media/I282824799057/1810-census-pittston-scott.jpg,media/I282824799057/1810-census-pittston-scott.jpg,I282824799057;I282824799104
I282824799057,record,"1860 census, Plymouth Twp: widow Julia A. Scot and daughter Ann",1860-07-12,https://www.familysearch.org/service/tree/tree-data/published/persons/KG4S-GMT,https://ancestors.familysearch.org/service/tree/tree-data/published/sources/KG4S-GMT/images/i/0/image.jpg,FamilySearch (NARA M653),public_domain,true,true,research_output/media/I282824799075/1860-census-plymouth-julia-scott.jpg,media/I282824799075/1860-census-plymouth-julia-scott.jpg,I282824799075;H0222
I282824799075,record,"1860 census, Plymouth Twp: widow Julia A. Scot and daughter Ann",1860-07-12,https://www.familysearch.org/service/tree/tree-data/published/persons/KG4S-GMT,https://ancestors.familysearch.org/service/tree/tree-data/published/sources/KG4S-GMT/images/i/0/image.jpg,FamilySearch (NARA M653),public_domain,true,true,research_output/media/I282824799075/1860-census-plymouth-julia-scott.jpg,media/I282824799075/1860-census-plymouth-julia-scott.jpg,I282824799075;H0222
I282824799104,record,"1810 census, Pittston Twp: Daniel Scott Jr. household",1810,https://www.familysearch.org/service/tree/tree-data/published/persons/GC9K-HF1,https://ancestors.familysearch.org/service/tree/tree-data/published/sources/GC9K-HF1/images/i/0/image.jpg,FamilySearch (NARA M252),public_domain,true,true,research_output/media/I282824799057/1810-census-pittston-scott.jpg,media/I282824799057/1810-census-pittston-scott.jpg,I282824799104;I282824799057
I282824815192,record,"Baptism of Giuseppina (Josephina) Fiorillo, San Mango d'Aquino, 11 Jan 1871",1871-01-11,https://drive.google.com/embeddedfolderview?id=1GDZrKBPMktUWjT1Vp7yNH4jUHhcWJTsP,https://drive.usercontent.google.com/download?id=1OyGTYnocq7pK3ntmM8YKNFqjGeur0ba_&export=download&confirm=t,"San Tommaso d'Aquino parish, San Mango d'Aquino (volunteer photographs)",unknown,false,false,,media/I282824815192/baptism-1871.jpg,I282824815192;I282824815323;I282824815333
I282824815192,document,"PA death index 1943: Josephine Farino, Scranton",1943,https://www.phmc.state.pa.us/bah/dam/rg/di/r11_090_DeathIndexes/Death_1943/D-43%20E-G.pdf,https://www.phmc.state.pa.us/bah/dam/rg/di/r11_090_DeathIndexes/Death_1943/D-43%20E-G.pdf,Pennsylvania State Archives,unknown,false,false,,media/I282824815192/pa-death-index-1943.pdf,I282824815192
I282824886199,record,"1820 census, Dallas Twp: George Watson household",1820,https://www.familysearch.org/service/tree/tree-data/published/persons/9KXX-MHL,https://ancestors.familysearch.org/service/tree/tree-data/published/sources/9KXX-MHL/images/i/0/image.jpg,FamilySearch (NARA M33),public_domain,true,true,research_output/media/I282824886199/1820-census-dallas-george-watson.jpg,media/I282824886199/1820-census-dallas-george-watson.jpg,I282824886199
NEW-104,record,Munzingen birth register 1864 No. 9: Christina Mayer,,http://www.landesarchiv-bw.de/plink/?f=5-480947-471,,,public_domain,,true,media/H0027/birth-1864-munzingen-L10-1591-img471.jpg,,NEW-104
